<?xml version="1.0" encoding="UTF-8"?>
<project-private xmlns="http://www.netbeans.org/ns/project-private/1">
    <open-files xmlns="http://www.netbeans.org/ns/projectui-open-files/2">
        <group>
            <file>file:/C:/Users/cristian%20cardona/Documents/NetBeansProjects/Ejercisio%238/web/resources/imagenes/G.gif</file>
            <file>file:/C:/Users/cristian%20cardona/Documents/NetBeansProjects/Ejercisio%238/web/index.xhtml</file>
            <file>file:/C:/Users/cristian%20cardona/Documents/NetBeansProjects/Ejercisio%238/web/WEB-INF/template/template.xhtml</file>
            <file>file:/C:/Users/cristian%20cardona/Documents/NetBeansProjects/Ejercisio%238/web/resources/imgcomp/morph.xhtml</file>
        </group>
    </open-files>
</project-private>
